-- phpMyAdmin SQL Dump
-- version 5.0.2
-- https://www.phpmyadmin.net/
--
-- Host: 127.0.0.1
-- Generation Time: Dec 21, 2020 at 03:46 AM
-- Server version: 10.4.14-MariaDB
-- PHP Version: 7.2.33

SET SQL_MODE = "NO_AUTO_VALUE_ON_ZERO";
START TRANSACTION;
SET time_zone = "+00:00";


/*!40101 SET @OLD_CHARACTER_SET_CLIENT=@@CHARACTER_SET_CLIENT */;
/*!40101 SET @OLD_CHARACTER_SET_RESULTS=@@CHARACTER_SET_RESULTS */;
/*!40101 SET @OLD_COLLATION_CONNECTION=@@COLLATION_CONNECTION */;
/*!40101 SET NAMES utf8mb4 */;

--
-- Database: `capstone`
--

-- --------------------------------------------------------

--
-- Table structure for table `activity_log`
--

CREATE TABLE `activity_log` (
  `activity_log_id` int(11) NOT NULL,
  `username` varchar(100) NOT NULL,
  `date` varchar(100) NOT NULL,
  `action` varchar(100) NOT NULL
) ENGINE=InnoDB DEFAULT CHARSET=latin1;

--
-- Dumping data for table `activity_log`
--

INSERT INTO `activity_log` (`activity_log_id`, `username`, `date`, `action`) VALUES
(1, 'admin', '2022-11-18 15:25:33', 'Add Subject CSEC001'),
(2, 'raya', '2022-11-18 15:27:08', 'Edit Subject CSEC002');

-- --------------------------------------------------------

--
-- Table structure for table `answer`
--

CREATE TABLE `answer` (
  `answer_id` int(11) NOT NULL,
  `quiz_question_id` int(11) NOT NULL,
  `answer_text` varchar(100) NOT NULL,
  `choices` varchar(3) NOT NULL
) ENGINE=InnoDB DEFAULT CHARSET=latin1;

--
-- Dumping data for table `answer`
--

INSERT INTO `answer` (`answer_id`, `quiz_question_id`, `answer_text`, `choices`) VALUES
(81, 32, 'raya', 'A'),
(82, 32, 'amir', 'B'),	
(83, 32, 'dawit', 'C'),
(86, 34, 'PHP Hypertext', 'B'),
(87, 34, 'PHP Hypertext Preprosesor', 'C'),
(88, 34, 'Ethiopia', 'D'),
(89, 36, 'Right', 'A'),
(90, 36, 'Wrong', 'B'),
(91, 36, 'Wrong', 'C'),
(92, 36, 'Wrong', 'D');

-- --------------------------------------------------------

--
-- Table structure for table `assignment`
--

CREATE TABLE `assignment` (
  `assignment_id` int(11) NOT NULL,
  `floc` varchar(300) NOT NULL,
  `fdatein` varchar(100) NOT NULL,
  `fdesc` varchar(100) NOT NULL,
  `teacher_id` int(11) NOT NULL,
  `class_id` int(11) NOT NULL,
  `fname` varchar(100) NOT NULL
) ENGINE=InnoDB DEFAULT CHARSET=latin1;

--
-- Dumping data for table `assignment`
--

INSERT INTO `assignment` (`assignment_id`, `floc`, `fdatein`, `fdesc`, `teacher_id`, `class_id`, `fname`) VALUES
(2, 'uploads/6843_File_Doc3.docx', '2013-10-11 01:24:32', 'fasfasf', 13, 36, 'Assignment number 1'),
(3, 'uploads/3617_File_login.mdb', '2013-10-28 19:35:28', 'q', 9, 80, 'q');

-- --------------------------------------------------------

--
-- Table structure for table `class`
--

CREATE TABLE `class` (
  `class_id` int(11) NOT NULL,
  `class_name` varchar(100) NOT NULL
) ENGINE=InnoDB DEFAULT CHARSET=latin1;

--
-- Dumping data for table `class`
--

INSERT INTO `class` (`class_id`, `class_name`) VALUES
(1, 'BUSSINESS MANAGEMENT  '),
(2, 'BUSSINESS WEEKEND'),
(3, 'COMPUTER SCIENCE'),
(4, 'PUBLIC HEALTH'),
(5, 'CIVIL ENGINEERING'),
(6, 'ACCOUNTING'),
(7, 'MIDWIFERY'),
(8, 'PHARMACY'),
(9, 'LABORATORY'),
(10, 'MEDICINE'),
(11, 'MSC In Bussiness Adminstration'),
(12, 'MSC in Computer Science'),
(13, 'MSC in Public Health');

-- --------------------------------------------------------

--
-- Table structure for table `class_quiz`
--

CREATE TABLE `class_quiz` (
  `class_quiz_id` int(11) NOT NULL,
  `teacher_class_id` int(11) NOT NULL,
  `quiz_time` int(11) NOT NULL,
  `quiz_id` int(11) NOT NULL
) ENGINE=InnoDB DEFAULT CHARSET=latin1;

--
-- Dumping data for table `class_quiz`
--

INSERT INTO `class_quiz` (`class_quiz_id`, `teacher_class_id`, `quiz_time`, `quiz_id`) VALUES
(13, 167, 3600, 3),
(14, 167, 3600, 3),
(15, 167, 1800, 3),
(16, 185, 900, 0),
(17, 186, 1800, 6);

-- --------------------------------------------------------

--
-- Table structure for table `class_subject_overview`
--

CREATE TABLE `class_subject_overview` (
  `class_subject_overview_id` int(11) NOT NULL,
  `teacher_class_id` int(11) NOT NULL,
  `content` varchar(10000) NOT NULL
) ENGINE=InnoDB DEFAULT CHARSET=latin1;

--
-- Dumping data for table `class_subject_overview`
--

INSERT INTO `class_subject_overview` (`class_subject_overview_id`, `teacher_class_id`, `content`) VALUES
(1, 167, '<p>Chapter&nbsp; 1</p>\r\n\r\n<p>Cha</p>\r\n');

-- --------------------------------------------------------

--
-- Table structure for table `content`
--

CREATE TABLE `content` (
  `content_id` int(11) NOT NULL,
  `title` varchar(100) NOT NULL,
  `content` mediumtext NOT NULL
) ENGINE=InnoDB DEFAULT CHARSET=latin1;

--
-- Dumping data for table `content`
--

INSERT INTO `content` (`content_id`, `title`, `content`) VALUES
(1, 'Mission', '<pre>\r\n<span style=\"font-size:16px\"><strong>Mission</strong></span></pre>\r\n\r\n<p style=\"text-align:left\"><span style=\"font-family:arial,helvetica,sans-serif; font-size:medium\"><span style=\"font-size:large\">&nbsp; &nbsp; &nbsp; &nbsp; &nbsp; &nbsp; &nbsp;</span></span>&nbsp; &nbsp;<span style=\"font-size:18px\"> &nbsp; &nbsp; &nbsp; &nbsp; &nbsp; &nbsp; &nbsp; &nbsp;  Rift Valley University exists to produce graduates who are competent, committed and ethical citizens; to engage in innovative and problem solving research; and to deliver sustainable community services. &nbsp;</span></p>\r\n\r\n<p style=\"text-align:left\">&nbsp;</p>\r\n'),
(2, 'Vision', '<pre><span style=\"font-size: large;\"><strong>Vision</strong></span></pre>\r\n<p>&nbsp;&nbsp;&nbsp;&nbsp;&nbsp;&nbsp;&nbsp;&nbsp;&nbsp;&nbsp;&nbsp;&nbsp;&nbsp;<span style=\"font-size: large;\">&nbsp; RVU aspires to be one of the leading universities in teaching, research and community engagement in Africa by 2030 </span><br /><br /></p>'),
(3, 'History', '<pre><span style=\"font-size: large;\">HISTORY &nbsp;</span> </pre>\r\n<p style=\"text-align: justify;\">&nbsp;&nbsp;&nbsp;&nbsp;&nbsp;&nbsp;&nbsp;&nbsp;&nbsp;&nbsp;&nbsp; When the first eager students set foot on the campus in Adama in October 2000, they beheld a very different setting from the spacious and forested compound with one modern building, and a number of blocks that house administrative offices, laboratories, libraries and quite a number of classrooms students see today. Ato Dinku Deyasa, a renowned investor and owner of NAFYAD PLC and Ato Reta Bekele, former President of Adama and Jima High Courts   envisaged the necessity of founding a private higher education institution mainly aimed at curbing the country’s dearth of qualified human resources. Needs analysis was conducted to identify the fields of study most desired by the community in and around Adama and Asella towns. On the basis of the findings, the founders made all the necessary preparations that would enable them to begin academic programs at a diploma level in five fields of study – namely, Accounting, Computer Science, Law, Marketing Management, and Secretarial Science and Office Management.

The Oromia Justice Bureau officially registered RVU as a PLC under Registration No. W/D/0001/93 on August 3, 1993 EC. The Company’s authenticity was  publicized in the Addis Zemen, August 10, 2000 GC issue, by the Oromia Bureau of Trade and Tourism, which issued a Trade License No. 13/W/D/DH/YE/002/93 and a Registration ID No. 13/D/DH/I/093/93 to the organization. The first accreditation by the Ministry of Education in five diploma level programs of study was earned in the year 1993 EC. Currently the Ministry of Education and the Oromyia Regional Government Bureau of Education in collaboration with the Ministry of Health accredit RVU.

Rift Valley University began operations in October 2000 in Adama Town, with a capital of 1,300,000 Eth. Birr, a total number of 154 evening program students, and five part time faculty staff. The Asella branch campus was begun three months later with Accounting, Law and Marketing Management being the fields of study. This new “learning community” was housed in just one rented block that consisted of a single administrative office and a few classrooms; by the end of the year 2000/2001 academic year, total enrolment at the two locations was about 250 students in the five diploma programs of study.

In September 2003 and 2004, Gotera and Batu branch campuses came into being respectively; Bishoftu campus was created two years later followed by two other branch campuses – namely, Dire Dawa and Chiro, which went functional in August/September 2005. Bole and Gulele came into being in October 2005. Harar campus was created in October 2006. 

When the institution was empowered to grant a bachelor’s degree, accounting, business management and law were the first academic programs on offer on the campus in Adama.</p>'),
(4, 'Footer', '<p style=\"text-align:center\">RIFT Online Learning Managenment System</p>\r\n\r\n<p style=\"text-align:center\">FINAL PROJECT 2022</p>\r\n'),
(5, 'Upcoming Events', '<pre>\r\nUP COMING EVENTS</pre>\r\n\r\n<p><strong>&gt;</strong> EXAM</p>\r\n\r\n<p><strong>&gt;</strong> INTERCAMPUS MEET</p>\r\n\r\n<p><strong>&gt;</strong> DEFENSE</p>\r\n\r\n<p><strong>&gt;</strong> ENROLLMENT</p>\r\n\r\n<p>&nbsp;</p>\r\n'),
(6, 'Title', '<p><span style=\"font-family:trebuchet ms,geneva\">RIFT Online Learning Management System</span></p>\r\n'),
(7, 'News', '<pre>\r\n<span style=\"font-size:medium\"><em><strong>Recent News\r\n</strong></em></span></pre>\r\n\r\n<h2><span style=\"font-size:small\">Extension and Community Services</span></h2>\r\n\r\n<p style=\"text-align:justify\">This technology package was promoted by the College of Industrial Technology Unit is an index to offer Practical Skills and Livelihood Training Program particularly to the Ina ngTahanan of Tayabas, Barangay Zone 15, Talisay City, Negros Occidental</p>\r\n\r\n<p style=\"text-align:justify\">The respondent of this technology package were mostly &ldquo;ina&rdquo; or mothers in PurokTayabas. There were twenty mothers who responded to the call of training and enhancing their sewing skills. The beginners projects include an apron, elastics waist skirts, pillow-cover and t-shirt style top. Short sleeve blouses with buttonholes or contoured seaming are also some of the many projects introduced to the mothers. Based on the interview conducted after the culmination activity, the projects done contributed as a means of earning to the respondents.</p>\r\n\r\n<p style=\"text-align:justify\">&nbsp; &nbsp; &nbsp; &nbsp; &nbsp; In support to the thrust of the government to improve the health status of neighboring barangays, the Faculty and Staff of CHMSC ECS Fortune Towne, Bacolod City, launched its Medical Mission in Patag, Silay City. It was conducted last March 2010, to address the health needs of the people. A medical consultation is given to the residents of SitioPatag to attend to their health related problems that may need medical treatment. Medical tablets for headache, flu, fever, antibiotics and others were availed by the residents.</p>\r\n\r\n<p style=\"text-align:justify\">&nbsp;</p>\r\n\r\n<p style=\"text-align:justify\">&nbsp;The BAYAN-ANIHAN is a Food Production Program with a battle cry of &ldquo;GOODBYE GUTOM&rdquo;, advocating its legacy &ldquo;Food on the Table for every Filipino Family&rdquo; through backyard gardening. NGO&rsquo;s, governmental organizations, private and public sectors, business sectors are the cooperating agencies that support and facilitate this project and Carlos Hilado Memorial State College (CHMSC) is one of the identified partner school. Being a member institution in advocating its thrust, the school through its Extension and Community Services had conducted capability training workshop along this program identifying two deputy coordinators and trainers last November 26,27 and 28, 2009, with the end in view of implementing the project all throughout the neighboring towns, provinces and regions to help address poverty in the country. Program beneficiaries were the selected families of GawadKalinga (GK) in Hope Village, Brgy. Cabatangan, Talisay City, with 120 families beneficiaries; GK FIAT Village in Silay City with 30 beneficiaries; Bonbon Dream Village brgy. E. Lopez, Silay City with 60 beneficiaries; and respectively Had. Teresita and Had. Carmen in Talisay City, Negros Occidental both with 60 member beneficiaries. This program was introduced to 30 household members with the end in view of alleviating the quality standards of their living.</p>\r\n\r\n<p style=\"text-align:justify\">&nbsp;</p>\r\n\r\n<p style=\"text-align:justify\">The extension &amp; Community Services of the College conducted a series of consultations and meetings with the different local government units to assess technology needs to determines potential products to be developed considering the abundance of raw materials in their respective areas and their product marketability. The project was released in November 2009 in six cities in the province of Negros Occidental, namely San Carlos, Sagay, Silay, Bago, Himamaylan and Sipalay and the Municipality of E. B Magalona</p>\r\n\r\n<p style=\"text-align:justify\">&nbsp; &nbsp; &nbsp; &nbsp; &nbsp; The City of San Carlos focused on peanut and fish processing. Sagay and bago focused on meat processing, while Silay City on fish processing. The City of Himamaylan is on sardines, and in Sipalay focused on fish processing specially on their famous BARONGAY product. The municipality of E.B Magalona focused on bangus deboning.</p>\r\n\r\n<p style=\"text-align:justify\">&nbsp;</p>\r\n\r\n<p style=\"text-align:justify\">&nbsp; &nbsp; &nbsp; &nbsp; &nbsp; The food technology instructors are tasked to provide the needed skills along with the TLDC Livelihood project that each City is embarking on while the local government units provide the training venue for the project and the training equipment and machine were provided by the Department of Science and Technology.</p>\r\n\r\n<p style=\"text-align:justify\">&nbsp;</p>\r\n'),
(8, 'Announcements', '<pre>\r\n<span style=\"font-size:medium\"><em><strong>Announcements</strong></em></span></pre>\r\n\r\n<p>Examination Period: October 9-11, 2013</p>\r\n\r\n<p>Semestrial Break: October 12- November 3, 2013</p>\r\n\r\n<p>FASKFJASKFAFASFMFAS</p>\r\n\r\n<p>GASGA</p>\r\n'),
(10, 'Calendar', '<pre style=\"text-align:center\">\r\n<span style=\"font-size:medium\"><strong>&nbsp;CALENDAR OF EVENT</strong></span><table align="center" cellpadding="0" cellspacing="0" style="line-height:1.6em; margin-left:auto; margin-right:auto">
	<tbody>
		<tr>
			<td>
			<p>First Semester &nbsp; &nbsp; &nbsp; &nbsp; &nbsp; &nbsp; &nbsp; &nbsp; &nbsp; &nbsp; &nbsp; &nbsp; &nbsp; &nbsp; &nbsp; &nbsp; &nbsp; &nbsp; &nbsp; &nbsp; &nbsp; &nbsp; &nbsp; &nbsp; &nbsp; &nbsp; &nbsp; &nbsp; &nbsp; &nbsp; &nbsp; &nbsp; &nbsp;</p>
			</td>
			<td>
			<p>Semptember 10, 2022 to JANUARY  11, 2023&nbsp;</p>
			</td>
		</tr>
		<tr>
			<td>
			<p>Semestral Break</p>
			</td>
			<td>
			<p>JANUARY 12 , 2023 to FEBRAUARY 12, 2022</p>
			</td>
		</tr>
		<tr>
			<td>
			<p>Second Semester</p>
			</td>
			<td>
			<p>FEBRAUARY 12, 2013 to JUNE 27, 2023</p>
			</td>
		</tr>
		<tr>
			<td>
			<p>Summer Break</p>
			</td>
			<td>
			<p>JUNE 28, 2014 to SEMPTEMBER 8, 2023</p>
			</td>
		</tr>
		<tr>
			<td>
			
		</tr>
	</tbody>
</table>\r\n'),
(11, 'Directories', '<div class=\"jsn-article-content\" style=\"text-align: left;\">\r\n<pre>\r\n<span style=\"font-size:medium\"><em><strong>DIRECTORIES</strong></em></span></pre>\r\n\r\n<ul>\r\n	<li>Registrar Office - +251-22-111-12-12</li>\r\n	<li>Finance Office -+251-22-111-12-13</li>\r\n	<li>Faculty of Health - 251-22-111-12-14</li>\r\n	<li>Faculty of Technology - +251-22-111-12-15</li>\r\n	<li>Faculty of Bussines and Social Science  - +251-22-111-12-16</li>\r\n	<li>Library - +251-22-111-12-17</li>\r\n	</ul>\r\n</div>\r\n'),
(12, 'president', '<p>It is my great pleasure and privilege to welcome you to RIFT&rsquo;s official website. Accept my deep appreciation for continuously taking interest in CHMSC and its programs and activities.<br /> Recently, the challenges of the knowledge era of the 21st Century led me to think very deeply how educational institutions of higher learning must vigorously pursue relevant e<img style=\"float: left;\" src=\"images/president.jpg\" alt=\"\" />ducation to compete with and respond to the challenges of globalization. As an international fellow, I realized that in the face of this globalization and technological advancement, educational institutions are compelled to work extraordinary in educating the youths and enhancing their potentials for gainful employment and realization of their dreams to become effective citizens.<br /><br /> Honored and humbled to be given the opportunity for stewardship of this good College, I am fully aware that the goal is to make CHMSC as the center of excellence or development in various fields. The vision, CHMSC ExCELS: Excellence, Competence and Educational Leadership in Science and Technology is a profound battle cry for each member of CHMSC Community. A CHMSCian must be technologically and academically competent, socially mature, safety conscious with care for the environment, a good citizen and possesses high moral values. The way the College is being managed, the internal and the external culture of all stockholders, and the efforts for quality and excellence will result to the establishment of the good corporate image of the College. The hallmark is reflected as the image of the good institution.<br /><br /> The tasks at hand call for our full cooperation, support and active participation. Therefore, I urge everyone to help me in the crusade to <br /><br /></p>\r\n<p style=\"text-align: justify;\"><span style=\"line-height: 1.3em;\">Provide wider access to CHMSC programs;</span></p>\r\n<p style=\"text-align: justify;\"><span style=\"line-height: 1.3em;\">&nbsp; &nbsp; &nbsp; &nbsp; &nbsp; &nbsp; &nbsp; &nbsp;* Harness the potentials of students thru effective teaching and learning methodologies and techniques;</span></p>\r\n<p style=\"text-align: justify;\"><span style=\"line-height: 1.3em;\">&nbsp; &nbsp; &nbsp; &nbsp; &nbsp; &nbsp; &nbsp; &nbsp;* Enable CHMSC Environment for All through secure green campus;</span></p>\r\n<p style=\"text-align: justify;\"><span style=\"line-height: 1.3em;\">&nbsp; &nbsp; &nbsp; &nbsp; &nbsp; &nbsp; &nbsp; &nbsp;* Advocate green movement, protect intellectual property and stimulate innovation;</span></p>\r\n<p style=\"text-align: justify;\"><span style=\"line-height: 1.3em;\">&nbsp; &nbsp; &nbsp; &nbsp; &nbsp; &nbsp; &nbsp; &nbsp;* Promote lifelong learning;</span></p>\r\n<p style=\"text-align: justify;\"><span style=\"line-height: 1.3em;\">&nbsp; &nbsp; &nbsp; &nbsp; &nbsp; &nbsp; &nbsp; &nbsp;* Conduct Research and Development for community and poverty alleviation;</span></p>\r\n<p style=\"text-align: justify;\"><span style=\"line-height: 1.3em;\">&nbsp; &nbsp; &nbsp; &nbsp; &nbsp; &nbsp; &nbsp; &nbsp;* Share and disseminate knowledge through publication and extension outreach to communities; and</span></p>\r\n<p style=\"text-align: justify;\"><span style=\"line-height: 1.3em;\">&nbsp; &nbsp; &nbsp; &nbsp; &nbsp; &nbsp; &nbsp; &nbsp;*Strengthen Institute-industry linkages and public-private partnership for mutual interest.</span></p>\r\n<p style=\"text-align: justify;\"><br /><span style=\"line-height: 1.3em; text-align: justify;\">Together, WE can make CHMSC</span></p>\r\n<p style=\"text-align: justify;\"><br /><span style=\"line-height: 1.3em;\">&nbsp; &nbsp; &nbsp; &nbsp; &nbsp; &nbsp; &nbsp; &nbsp;*A model green institution for Human Resources Development, a builder of human resources in the knowledge era of the 21st Century;</span></p>\r\n<p style=\"text-align: justify;\"><span style=\"line-height: 1.3em;\">&nbsp; &nbsp; &nbsp; &nbsp; &nbsp; &nbsp; &nbsp; *A center for curricular innovations and research especially in education, technology, engineering, ICT and entrepreneurship; and</span></p>\r\n<p style=\"text-align: justify;\"><span style=\"line-height: 1.3em;\">&nbsp; &nbsp; &nbsp; &nbsp; &nbsp; &nbsp; &nbsp; *A Provider of quality graduates in professional and technological programs for industry and community.</span></p>\r\n<p style=\"text-align: justify;\"><br /><br /> Dear readers and guests, these are the challenges for every CHMSCian to hurdle and the dreams to realize. This website will be one of the connections with you as we ardently take each step. Feel free to visit often and be kept posted as we continue to work for discoveries and advancement that will bring benefits to the lives of the students, the community, and the world, as a whole.<br /><br /> Warmest welcome and I wish you well!</p>\r\n<p style=\"text-align: justify;\"><br /><br /></p>\r\n<p style=\"text-align: justify;\">RENATO M. SOROLLA, Ph.D.<br />SUC President II</p>'),
(13, 'motto', '<p><strong><span style=\"color:#FFF0F5\"><span style=\"font-family:arial,helvetica,sans-serif\">RIFT EXCELS:</span></span></strong></p>\r\n\r\n<p><strong><span style=\"color:#FFF0F5\"><span style=\"font-family:arial,helvetica,sans-serif\">Excellence, Competence and Educational</span></span></strong></p>\r\n\r\n<p><strong><span style=\"color:#FFF0F5\"><span style=\"font-family:arial,helvetica,sans-serif\">Leadership in Science and Technology</span></span></strong></p>\r\n'),
(14, 'Campuses', '<pre>\r\n<span style=\"font-size:16px\"><strong>Campuses</strong></span></pre>\r\n\r\n<ul>\r\n	<li>Adama Campus</li>\r\n	<li>Asela Campus</li>\r\n	<li>Gotera Campus</li>\r\n	<li>Bishoftu Campus<br />\r\n	&nbsp;</li>\r\n</ul>\r\n');

-- --------------------------------------------------------

--
-- Table structure for table `department`
--

CREATE TABLE `department` (
  `department_id` int(11) NOT NULL,
  `department_name` varchar(100) NOT NULL,
  `dean` varchar(100) NOT NULL
) ENGINE=InnoDB DEFAULT CHARSET=latin1;

--
-- Dumping data for table `department`
--

INSERT INTO `department` (`department_id`, `department_name`, `dean`) VALUES
(1, 'Faculty of Technology', 'Dr. TEWDROS '),
(2, 'Faculty of Healthy', 'DR. HENOK'),
(3, 'Faculty of Bussiness', 'Dr Birhanu');


-- --------------------------------------------------------

--
-- Table structure for table `event`
--

CREATE TABLE `event` (
  `event_id` int(11) NOT NULL,
  `event_title` varchar(100) NOT NULL,
  `teacher_class_id` int(11) NOT NULL,
  `date_start` varchar(100) NOT NULL,
  `date_end` varchar(100) NOT NULL
) ENGINE=InnoDB DEFAULT CHARSET=latin1;

--
-- Dumping data for table `event`
--

INSERT INTO `event` (`event_id`, `event_title`, `teacher_class_id`, `date_start`, `date_end`) VALUES
(12, ' 	  Orientation with the Parents of the College Freshmen', 0, '06/04/2022', '06/04/2022'),
(13, 'Start of Classes', 0, '11/04/2022', '11/04/2022'),
(14, 'Mid Exam', 0, '11/19/2022', '11/22/2022'),

(18, 'FINAL EXAM', 186, '12/22/2022', '12/24/2022');

-- --------------------------------------------------------

--
-- Table structure for table `files`
--
CREATE TABLE `files` (
  `file_id` int(11) NOT NULL,
  `floc` varchar(500) NOT NULL,
  `fdatein` varchar(200) NOT NULL,
  `fdesc` varchar(100) NOT NULL,
  `teacher_id` int(11) NOT NULL,
  `class_id` int(11) NOT NULL,
  `fname` varchar(100) NOT NULL,
  `uploaded_by` varchar(100) NOT NULL
) ENGINE=MyISAM DEFAULT CHARSET=latin1;

--
-- Dumping data for table `files`
--

INSERT INTO `files` (`file_id`, `floc`, `fdatein`, `fdesc`, `teacher_id`, `class_id`, `fname`, `uploaded_by`) VALUES
(133, 'admin/uploads/7939_File_449E26DB.jpg', '2012-02-20 10:31:38', 'Assignment', 14, 177, 'sss', ''),
(132, 'admin/uploads/7939_File_449E26DB.jpg', '2012-02-20 10:29:53', 'Quiz 2', 14, 178, 'sss', '');

-- --------------------------------------------------------

--
-- Table structure for table `message`
--

CREATE TABLE `message` (
  `message_id` int(11) NOT NULL,
  `reciever_id` int(11) NOT NULL,
  `content` varchar(200) NOT NULL,
  `date_sended` varchar(100) NOT NULL,
  `sender_id` int(11) NOT NULL,
  `reciever_name` varchar(50) NOT NULL,
  `sender_name` varchar(200) NOT NULL,
  `message_status` varchar(100) NOT NULL
) ENGINE=InnoDB DEFAULT CHARSET=latin1;

--
-- Dumping data for table `message`
--

INSERT INTO `message` (`message_id`, `reciever_id`, `content`, `date_sended`, `sender_id`, `reciever_name`, `sender_name`, `message_status`) VALUES
(2, 11, 'fasf', '2022-11-13 13:15:47', 42, 'Raya MOhammed ', 'Rais Mohammed', ''),
(28, 136, 'Submit your classcard', '2022-02-13 13:35:21', 12, 'Mohammed Abda', 'Bedria Taha', '');

-- --------------------------------------------------------

--
-- Table structure for table `message_sent`
--

CREATE TABLE `message_sent` (
  `message_sent_id` int(11) NOT NULL,
  `reciever_id` int(11) NOT NULL,
  `content` varchar(200) NOT NULL,
  `date_sended` varchar(100) NOT NULL,
  `sender_id` int(11) NOT NULL,
  `reciever_name` varchar(100) NOT NULL,
  `sender_name` varchar(100) NOT NULL
) ENGINE=InnoDB DEFAULT CHARSET=latin1;

--
-- Dumping data for table `message_sent`
--

INSERT INTO `message_sent` (`message_sent_id`, `reciever_id`, `content`, `date_sended`, `sender_id`, `reciever_name`, `sender_name`) VALUES
(1, 42, 'sad', '2013-11-12 22:50:05', 42, 'Bedria Taha', 'Mohammed Abda'),
(2, 11, 'fasf', '2013-11-13 13:15:47', 42, 'Rais Mohammed', 'Raya Mohammed');

-- --------------------------------------------------------

--
-- Table structure for table `notification`
--

CREATE TABLE `notification` (
  `notification_id` int(11) NOT NULL,
  `teacher_class_id` int(11) NOT NULL,
  `notification` varchar(100) NOT NULL,
  `date_of_notification` varchar(50) NOT NULL,
  `link` varchar(100) NOT NULL
) ENGINE=InnoDB DEFAULT CHARSET=latin1;

--
-- Dumping data for table `notification`
--

INSERT INTO `notification` (`notification_id`, `teacher_class_id`, `notification`, `date_of_notification`, `link`) VALUES
(2, 0, 'Add Downloadable Materials file name <b>sss</b>', '2014-01-17 14:35:32', 'downloadable_student.php'),
(3, 167, 'Add Annoucements', '2022-01-17 14:36:32', 'announcements_student.php');

-- --------------------------------------------------------

--
-- Table structure for table `notification_read`
--

CREATE TABLE `notification_read` (
  `notification_read_id` int(11) NOT NULL,
  `student_id` int(11) NOT NULL,
  `student_read` varchar(50) NOT NULL,
  `notification_id` int(11) NOT NULL
) ENGINE=InnoDB DEFAULT CHARSET=latin1;

--
-- Dumping data for table `notification_read`
--

INSERT INTO `notification_read` (`notification_read_id`, `student_id`, `student_read`, `notification_id`) VALUES
(1, 219, 'yes', 22),
(2, 219, 'yes', 21),
(3, 219, 'yes', 20),
(4, 219, 'yes', 19),
(5, 219, 'yes', 15);

-- --------------------------------------------------------

--
-- Table structure for table `notification_read_teacher`
--

CREATE TABLE `notification_read_teacher` (
  `notification_read_teacher_id` int(11) NOT NULL,
  `teacher_id` int(11) NOT NULL,
  `student_read` varchar(100) NOT NULL,
  `notification_id` int(11) NOT NULL
) ENGINE=InnoDB DEFAULT CHARSET=latin1;

--
-- Dumping data for table `notification_read_teacher`
--

INSERT INTO `notification_read_teacher` (`notification_read_teacher_id`, `teacher_id`, `student_read`, `notification_id`) VALUES
(1, 12, 'yes', 14),
(2, 12, 'yes', 13),
(3, 12, 'yes', 12),
(4, 12, 'yes', 11),
(5, 12, 'yes', 10),
(6, 12, 'yes', 9),
(7, 12, 'yes', 8),
(8, 12, 'yes', 7);

-- --------------------------------------------------------

--
-- Table structure for table `question_type`
--

CREATE TABLE `question_type` (
  `question_type_id` int(11) NOT NULL,
  `question_type` varchar(150) NOT NULL
) ENGINE=MyISAM DEFAULT CHARSET=latin1;

--
-- Dumping data for table `question_type`
--

INSERT INTO `question_type` (`question_type_id`, `question_type`) VALUES
(1, 'Multiple Choice'),
(2, 'True or False');

-- --------------------------------------------------------

--
-- Table structure for table `quiz`
--

CREATE TABLE `quiz` (
  `quiz_id` int(11) NOT NULL,
  `quiz_title` varchar(50) NOT NULL,
  `quiz_description` varchar(100) NOT NULL,
  `date_added` varchar(100) NOT NULL,
  `teacher_id` int(11) NOT NULL
) ENGINE=InnoDB DEFAULT CHARSET=latin1;

--
-- Dumping data for table `quiz`
--

INSERT INTO `quiz` (`quiz_id`, `quiz_title`, `quiz_description`, `date_added`, `teacher_id`) VALUES
(3, 'Sample Test', 'Test', '2022-12-03 23:01:56', 12),
(4, 'Chapter 1', 'topics', '2022-12-13 01:51:02', 14),
(5, 'test3', '123', '2022-01-16 04:12:07', 12),
(6, 'Sample Quiz', 'Sample 101', '2020-12-21 10:04:11', 9);

-- --------------------------------------------------------

--
-- Table structure for table `quiz_question`
--

CREATE TABLE `quiz_question` (
  `quiz_question_id` int(11) NOT NULL,
  `quiz_id` int(11) NOT NULL,
  `question_text` varchar(100) NOT NULL,
  `question_type_id` int(11) NOT NULL,
  `points` int(11) NOT NULL,
  `date_added` varchar(100) NOT NULL,
  `answer` varchar(100) NOT NULL
) ENGINE=InnoDB DEFAULT CHARSET=latin1;

--
-- Dumping data for table `quiz_question`
--

INSERT INTO `quiz_question` (`quiz_question_id`, `quiz_id`, `question_text`, `question_type_id`, `points`, `date_added`, `answer`) VALUES
(33, 5, '<p>q</p>\r\n', 2, 0, '2014-01-17 04:15:03', 'False'),
(34, 3, '<p>Php Stands for ?</p>\r\n', 1, 0, '2014-01-17 12:25:17', 'C'),
(35, 3, '<p>Echo is a Php code that display the output.</p>\r\n', 2, 0, '2014-01-17 12:26:18', 'True'),
(36, 6, '<p>sample</p>\r\n', 1, 0, '2020-12-21 10:05:09', 'A'),
(37, 6, '<p>asdasd</p>\r\n', 2, 0, '2020-12-21 10:05:25', 'True'),
(38, 6, '<p>sdsd</p>\r\n', 2, 0, '2020-12-21 10:05:35', 'False');

-- --------------------------------------------------------

--
-- Table structure for table `school_year`
--

CREATE TABLE `school_year` (
  `school_year_id` int(11) NOT NULL,
  `school_year` varchar(100) NOT NULL
) ENGINE=InnoDB DEFAULT CHARSET=latin1;

--
-- Dumping data for table `school_year`
--

INSERT INTO `school_year` (`school_year_id`, `school_year`) VALUES
(2, '2021-2022'),
(3, '2020-2021');

-- --------------------------------------------------------

--
-- Table structure for table `student`
--

CREATE TABLE `student` (
  `student_id` int(11) NOT NULL,
  `firstname` varchar(100) NOT NULL,
  `lastname` varchar(100) NOT NULL,
  `class_id` int(11) NOT NULL,
  `username` varchar(100) NOT NULL,
  `password` varchar(100) NOT NULL,
  `location` varchar(100) NOT NULL,
  `status` varchar(100) NOT NULL
) ENGINE=MyISAM DEFAULT CHARSET=latin1;

--
-- Dumping data for table `student`
--

INSERT INTO `student` (`student_id`, `firstname`, `lastname`, `class_id`, `username`, `password`, `location`, `status`) VALUES
(113, 'RAHWA', 'G/TINSAY', 1, '0013', '3661', 'uploads/NO-IMAGE-AVAILABLE.jpg', 'Unregistered'),
(112, 'RAYA', 'MOHAMMED', 2, '0082', '4618', 'uploads/NO-IMAGE-AVAILABLE.jpg', 'Unregistered');


-- --------------------------------------------------------

--
-- Table structure for table `student_assignment`
--

CREATE TABLE `student_assignment` (
  `student_assignment_id` int(11) NOT NULL,
  `assignment_id` int(11) NOT NULL,
  `floc` varchar(100) NOT NULL,
  `assignment_fdatein` varchar(50) NOT NULL,
  `fdesc` varchar(100) NOT NULL,
  `fname` varchar(50) NOT NULL,
  `student_id` int(11) NOT NULL,
  `grade` varchar(5) NOT NULL
) ENGINE=InnoDB DEFAULT CHARSET=latin1;

--
-- Dumping data for table `student_assignment`
--

INSERT INTO `student_assignment` (`student_assignment_id`, `assignment_id`, `floc`, `assignment_fdatein`, `fdesc`, `fname`, `student_id`, `grade`) VALUES
(1, 31, 'admin/uploads/7820_File_sample.pdf', '2020-12-21 10:12:04', 'aaa', 'asdasd', 219, '');

-- --------------------------------------------------------

--
-- Table structure for table `student_backpack`
--

CREATE TABLE `student_backpack` (
  `file_id` int(11) NOT NULL,
  `floc` varchar(100) NOT NULL,
  `fdatein` varchar(100) NOT NULL,
  `fdesc` varchar(100) NOT NULL,
  `student_id` int(11) NOT NULL,
  `fname` varchar(100) NOT NULL
) ENGINE=InnoDB DEFAULT CHARSET=latin1;

--
-- Dumping data for table `student_backpack`
--

INSERT INTO `student_backpack` (`file_id`, `floc`, `fdatein`, `fdesc`, `student_id`, `fname`) VALUES
(1, 'admin/uploads/2658_File_kevin.docx', '2014-02-13 11:11:50', 'test', 210, 'test'),
(2, 'admin/uploads/9782_File_sample.pdf', '2020-12-21 10:12:54', 'adasd', 219, '234234'),
(3, 'admin/uploads/6898_File_sample.pdf', '2020-12-21 10:12:54', 'adasd', 219, '234234'),
(4, 'admin/uploads/3579_File_sample.pdf', '2020-12-21 10:12:54', 'adasd', 219, '234234');

-- --------------------------------------------------------

--
-- Table structure for table `student_class_quiz`
--

CREATE TABLE `student_class_quiz` (
  `student_class_quiz_id` int(11) NOT NULL,
  `class_quiz_id` int(11) NOT NULL,
  `student_id` int(11) NOT NULL,
  `student_quiz_time` varchar(100) NOT NULL,
  `grade` varchar(100) NOT NULL
) ENGINE=InnoDB DEFAULT CHARSET=latin1;

--
-- Dumping data for table `student_class_quiz`
--

INSERT INTO `student_class_quiz` (`student_class_quiz_id`, `class_quiz_id`, `student_id`, `student_quiz_time`, `grade`) VALUES
(1, 15, 107, '3600', '0 out of 2'),
(2, 16, 136, '3600', '0 out of 0'),
(3, 17, 219, '3600', '1 out of 3');

-- --------------------------------------------------------

--
-- Table structure for table `subject`
--

CREATE TABLE `subject` (
  `subject_id` int(11) NOT NULL,
  `subject_code` varchar(100) NOT NULL,
  `subject_title` varchar(100) NOT NULL,
  `category` varchar(100) NOT NULL,
  `description` longtext NOT NULL,
  `unit` int(11) NOT NULL,
  `Pre_req` varchar(100) NOT NULL,
  `semester` varchar(100) NOT NULL
) ENGINE=MyISAM DEFAULT CHARSET=latin1;

--
-- Dumping data for table `subject`
--

INSERT INTO `subject` (`subject_id`, `subject_code`, `subject_title`, `category`, `description`, `unit`, `Pre_req`, `semester`) VALUES
(14, 'CSC202001', 'JAVA BEGINNING', '', '<p><span style=\"font-size: medium;\"><em>About the Subject</em></span></p>\r\n<p>This subject comprisea topics about systems development, SDLC methodologies, Conceptual Framework, diagrams such as DFD, ERD and Flowchart and writing a thesis proposal.</p>\r\n<p>&nbsp;</p>\r\n<p>The project requirement for this subject are:</p>\r\n<p>Chapters (1-5) Thesis Proposal</p>\r\n<p>100% Running System at the end of semester</p>\r\n<p>&nbsp;</p>', 3, '', ''),
(15, 'CSC202002', 'ADVANCED JAVA', '', '<p><span style=\"font-size: medium;\"><em>About the Subject</em></span></p>\r\n<p>This subject is intended for IT students to develop or enhance communication skills that will be beneficial especially when used in the business industry. The lesson includes Verbal Communication (Written and Oral), Non-verbal Communication, etc.</p>', 3, '', ''),
(16, 'CSC202003', 'Programming Languages', '', '<pre class=\"coursera-course-heading\" data-msg=\"coursera-course-about\"><span style=\"font-size: medium;\"><em>About the Subject</em></span></pre>\r\n<div class=\"coursera-course-detail\" data-user-generated=\"data-user-generated\">Learn many of the concepts that underlie all programming languages. Develop a programming style known as functional programming and contrast it with object-oriented programming. Through experience writing programs and studying three different languages, learn the key issues in designing and using programming languages, such as modularity and the complementary benefits of static and dynamic typing. This course is neither particularly theoretical nor just about programming specifics &ndash; it will give you a framework for understanding how to use language constructs effectively and how to design correct and elegant programs. By using different languages, you learn to think more deeply than in terms of the particular syntax of one language. The emphasis on functional programming is essential for learning how to write robust, reusable, composable, and elegant programs &ndash; in any language.</div>\r\n<h2 class=\"coursera-course-detail\" data-user-generated=\"data-user-generated\">&nbsp;</h2>\r\n<pre class=\"coursera-course-detail\" data-user-generated=\"data-user-generated\"><span style=\"font-size: medium;\"><em>&nbsp;Course Syllabus</em></span></pre>\r\n<div class=\"coursera-course-detail\" data-user-generated=\"data-user-generated\">\r\n<ul>\r\n<li>Syntax vs. semantics vs. idioms vs. libraries vs. tools</li>\r\n<li>ML basics (bindings, conditionals, records, functions)</li>\r\n<li>Recursive functions and recursive types</li>\r\n<li>Benefits of no mutation</li>\r\n<li>Algebraic datatypes, pattern matching</li>\r\n<li>Tail recursion</li>\r\n<li>First-class functions and function closures</li>\r\n<li>Lexical scope</li>\r\n<li>Equivalence and effects</li>\r\n<li>Parametric polymorphism and container types</li>\r\n<li>Type inference</li>\r\n<li>Abstract types and modules</li>\r\n<li>Racket basics</li>\r\n<li>Dynamic vs. static typing</li>\r\n<li>Implementing languages, especially higher-order functions</li>\r\n<li>Macro</li>\r\n<li>Ruby basics</li>\r\n<li>Object-oriented programming</li>\r\n<li>Pure object-orientation</li>\r\n<li>Implementing dynamic dispatch</li>\r\n<li>Multiple inheritance, interfaces, and mixins</li>\r\n<li>OOP vs. functional decomposition and extensibility</li>\r\n<li>Subtyping for records, functions, and objects</li>\r\n<li>Subtyping</li>\r\n<li>Class-based subtyping</li>\r\n<li>Subtyping vs. parametric polymorphism; bounded polymorphism</li>\r\n</ul>\r\n</div>', 3, '', '');

-- --------------------------------------------------------

--
-- Table structure for table `teacher`
--

CREATE TABLE `teacher` (
  `teacher_id` int(11) NOT NULL,
  `username` varchar(100) NOT NULL,
  `password` varchar(200) NOT NULL,
  `firstname` varchar(100) NOT NULL,
  `lastname` varchar(100) NOT NULL,
  `department_id` int(11) NOT NULL,
  `location` varchar(200) NOT NULL,
  `about` varchar(500) NOT NULL,
  `teacher_status` varchar(20) NOT NULL,
  `teacher_stat` varchar(100) NOT NULL
) ENGINE=MyISAM DEFAULT CHARSET=latin1;

--
-- Dumping data for table `teacher`
--

INSERT INTO `teacher` (`teacher_id`, `username`, `password`, `firstname`, `lastname`, `department_id`, `location`, `about`, `teacher_status`, `teacher_stat`) VALUES
(11, 'TADE', '1122', 'TADELE', 'KEBEBE', 4, 'uploads/NO-IMAGE-AVAILABLE.jpg', '', 'Registered', 'Deactivated'),
(18, 'LIKE', '1122', 'LIKEYLESH ', 'TAMENE ', 4, 'uploads/NO-IMAGE-AVAILABLE.jpg', '', 'Registered', 'Activated');

-- --------------------------------------------------------

--
-- Table structure for table `teacher_backpack`
--

CREATE TABLE `teacher_backpack` (
  `file_id` int(11) NOT NULL,
  `floc` varchar(100) NOT NULL,
  `fdatein` varchar(100) NOT NULL,
  `fdesc` varchar(100) NOT NULL,
  `teacher_id` int(11) NOT NULL,
  `fname` varchar(100) NOT NULL
) ENGINE=InnoDB DEFAULT CHARSET=latin1;

-- --------------------------------------------------------

--
-- Table structure for table `teacher_class`
--

CREATE TABLE `teacher_class` (
  `teacher_class_id` int(11) NOT NULL,
  `teacher_id` int(11) NOT NULL,
  `class_id` int(11) NOT NULL,
  `subject_id` int(11) NOT NULL,
  `thumbnails` varchar(100) NOT NULL,
  `school_year` varchar(100) NOT NULL
) ENGINE=InnoDB DEFAULT CHARSET=latin1;

--
-- Dumping data for table `teacher_class`
--

INSERT INTO `teacher_class` (`teacher_class_id`, `teacher_id`, `class_id`, `subject_id`, `thumbnails`, `school_year`) VALUES
(97, 9, 7, 15, 'admin/uploads/thumbnails.jpg', '2020-2021'),
(135, 0, 22, 29, 'admin/uploads/thumbnails.jpg', '2021-2022');

-- --------------------------------------------------------

--
-- Table structure for table `teacher_class_announcements`
--

CREATE TABLE `teacher_class_announcements` (
  `teacher_class_announcements_id` int(11) NOT NULL,
  `content` varchar(500) NOT NULL,
  `teacher_id` varchar(100) NOT NULL,
  `teacher_class_id` int(11) NOT NULL,
  `date` varchar(50) NOT NULL
) ENGINE=InnoDB DEFAULT CHARSET=latin1;

--
-- Dumping data for table `teacher_class_announcements`
--

INSERT INTO `teacher_class_announcements` (`teacher_class_announcements_id`, `content`, `teacher_id`, `teacher_class_id`, `date`) VALUES
(2, '<p><strong>Project Deadline</strong></p>\r\n\r\n<p>In December 1st week&nbsp; system must fully functioning.</p>\r\n\r\n<p><br />\r\n&nbsp;</p>\r\n', '9', 87, '2013-10-30 13:21:13'),
(21, '<p>fsaf</p>\r\n', '9', 87, '2013-10-30 14:33:21'),
(31, '<p>Hi im Rahwa i edit this</p>\r\n', '9', 87, '2013-10-30 15:41:56'),
(33, '<p>hello Dawit</p>\r\n', '9', 95, '2013-10-30 17:44:28'),
(34, '<p>hello guys</p>\r\n', '9', 95, '2013-11-02 10:51:39'),
(35, '<p>dsdasd</p>\r\n', '12', 147, '2013-11-16 13:59:33'),
(36, '<p>Management : Submit assignment on November 20, 2013 before 5pm.</p>\r\n', '12', 154, '2013-11-18 15:29:34'),
(37, '<p><br />\r\n&nbsp;</p>\r\n', '12', 167, '2014-01-17 14:36:32'),
(38, '<p>There is assignment next week there class <img alt=\"sad\" src=\"http://localhost/lms/admin/vendors/ckeditor/plugins/smiley/images/sad_smile.gif\" style=\"height:20px; width:20px\" title=\"sad\" /></p>\r\n', '12', 167, '2014-02-13 13:45:59'),
(39, '<p>Test</p>\r\n', '9', 186, '2020-12-21 09:59:00');

-- --------------------------------------------------------

--
-- Table structure for table `teacher_class_student`
--

CREATE TABLE `teacher_class_student` (
  `teacher_class_student_id` int(11) NOT NULL,
  `teacher_class_id` int(11) NOT NULL,
  `student_id` int(11) NOT NULL,
  `teacher_id` int(11) NOT NULL
) ENGINE=InnoDB DEFAULT CHARSET=latin1;

--
-- Dumping data for table `teacher_class_student`
--

INSERT INTO `teacher_class_student` (`teacher_class_student_id`, `teacher_class_id`, `student_id`, `teacher_id`) VALUES
(31, 165, 141, 134),
(32, 165, 134, 134),
(54, 167, 113, 12),
(55, 167, 112, 12),
(57, 167, 108, 12),
(58, 167, 105, 12),
(59, 167, 106, 12),
(60, 167, 103, 12),
(61, 167, 104, 12),
(62, 167, 100, 12),
(63, 167, 101, 12),
(64, 167, 102, 12),
(65, 167, 97, 12),
(66, 167, 98, 12),
(67, 167, 95, 12),
(68, 167, 94, 12),
(69, 167, 76, 12),
(70, 167, 107, 12),
(71, 167, 110, 12),
(72, 167, 109, 12),
(73, 167, 99, 12),
(74, 167, 96, 12),
(75, 167, 75, 12),
(76, 167, 74, 12),
(77, 167, 73, 12),
(78, 167, 72, 12),
(79, 167, 71, 12),
(80, 168, 135, 12),
(81, 168, 140, 12),
(82, 168, 162, 12),
(83, 168, 164, 12),
(84, 168, 165, 12),
(85, 168, 166, 12),
(86, 168, 167, 12),
(87, 168, 168, 12),
(88, 168, 169, 12),
(89, 168, 172, 12),
(90, 168, 171, 12),
(91, 168, 173, 12),
(92, 168, 174, 12),
(93, 168, 175, 12),
(94, 168, 176, 12),
(95, 168, 177, 12),
(96, 168, 178, 12),
(97, 168, 179, 12),
(98, 168, 180, 12),
(99, 168, 181, 12),
(100, 168, 182, 12),
(101, 168, 183, 12),
(102, 168, 206, 12),
(103, 168, 207, 12),
(127, 172, 113, 18),
(128, 172, 112, 18),
(129, 172, 111, 18),
(130, 172, 108, 18),
(131, 172, 105, 18),
(132, 172, 106, 18),
(133, 172, 103, 18),
(134, 172, 104, 18),
(135, 172, 100, 18),
(136, 172, 101, 18),
(137, 172, 102, 18),
(138, 172, 97, 18),
(139, 172, 98, 18),
(140, 172, 95, 18),
(141, 172, 94, 18),
(142, 172, 76, 18),
(143, 172, 107, 18),
(144, 172, 110, 18),
(145, 172, 109, 18),
(146, 172, 99, 18),
(147, 172, 96, 18),
(148, 172, 75, 18),
(149, 172, 74, 18),
(150, 172, 73, 18),
(151, 172, 72, 18),
(152, 172, 71, 18),
(153, 173, 135, 18),
(154, 173, 140, 18),
(155, 173, 162, 18),
(156, 173, 164, 18),
(157, 173, 165, 18),
(158, 173, 166, 18),
(159, 173, 167, 18),
(160, 173, 168, 18),
(161, 173, 169, 18),
(162, 173, 172, 18),
(163, 173, 171, 18),
(164, 173, 173, 18),
(165, 173, 174, 18),
(166, 173, 175, 18),
(167, 173, 176, 18),
(168, 173, 177, 18),
(169, 173, 178, 18),
(170, 173, 179, 18),
(171, 173, 180, 18),
(172, 173, 181, 18),
(173, 173, 182, 18),
(174, 173, 183, 18),
(175, 173, 206, 18),
(176, 173, 207, 18),
(177, 174, 134, 13),
(178, 174, 142, 13),
(179, 174, 143, 13),
(180, 174, 144, 13),
(181, 174, 145, 13),
(182, 174, 146, 13),
(183, 174, 147, 13),
(184, 174, 148, 13),
(185, 174, 149, 13),
(186, 174, 150, 13),
(187, 174, 151, 13),
(188, 174, 152, 13),
(189, 174, 153, 13),
(190, 174, 154, 13),
(191, 174, 155, 13),
(192, 174, 156, 13),
(193, 174, 157, 13),
(194, 174, 158, 13),
(195, 174, 159, 13),
(196, 175, 113, 13),
(197, 175, 112, 13),
(198, 175, 111, 13),
(199, 175, 108, 13),
(200, 175, 105, 13),
(201, 175, 106, 13),
(202, 175, 103, 13),
(203, 175, 104, 13),
(204, 175, 100, 13),
(205, 175, 101, 13),
(206, 175, 102, 13),
(207, 175, 97, 13),
(208, 175, 98, 13),
(209, 175, 95, 13),
(210, 175, 94, 13),
(211, 175, 76, 13),
(212, 175, 107, 13),
(213, 175, 110, 13),
(214, 175, 109, 13),
(215, 175, 99, 13),
(216, 175, 96, 13),
(217, 175, 75, 13),
(218, 175, 74, 13),
(219, 175, 73, 13),
(220, 175, 72, 13),
(221, 175, 71, 13),
(222, 176, 135, 13),
(223, 176, 140, 13),
(224, 176, 162, 13),
(225, 176, 164, 13),
(226, 176, 165, 13),
(227, 176, 166, 13),
(228, 176, 167, 13),
(229, 176, 168, 13),
(230, 176, 169, 13),
(231, 176, 172, 13),
(232, 176, 171, 13),
(233, 176, 173, 13),
(234, 176, 174, 13),
(235, 176, 175, 13),
(236, 176, 176, 13),
(237, 176, 177, 13),
(238, 176, 178, 13),
(239, 176, 179, 13),
(240, 176, 180, 13),
(241, 176, 181, 13),
(242, 176, 182, 13),
(243, 176, 183, 13),
(244, 176, 206, 13),
(245, 176, 207, 13),
(246, 177, 134, 14),
(247, 177, 142, 14),
(248, 177, 143, 14),
(249, 177, 144, 14),
(250, 177, 145, 14),
(251, 177, 146, 14),
(252, 177, 147, 14),
(253, 177, 148, 14),
(254, 177, 149, 14),
(255, 177, 150, 14),
(256, 177, 151, 14),
(257, 177, 152, 14),
(258, 177, 153, 14),
(259, 177, 154, 14),
(260, 177, 155, 14),
(261, 177, 156, 14),
(262, 177, 157, 14),
(263, 177, 158, 14),
(264, 177, 159, 14),
(265, 178, 113, 14),
(266, 178, 112, 14),
(267, 178, 111, 14),
(268, 178, 108, 14),
(269, 178, 105, 14),
(270, 178, 106, 14),
(271, 178, 103, 14),
(272, 178, 104, 14),
(273, 178, 100, 14),
(274, 178, 101, 14),
(275, 178, 102, 14),
(276, 178, 97, 14),
(277, 178, 98, 14),
(278, 178, 95, 14),
(279, 178, 94, 14),
(280, 178, 76, 14),
(281, 178, 107, 14),
(282, 178, 110, 14),
(283, 178, 109, 14),
(284, 178, 99, 14),
(285, 178, 96, 14),
(286, 178, 75, 14),
(287, 178, 74, 14),
(288, 178, 73, 14),
(289, 178, 72, 14),
(290, 178, 71, 14),
(291, 179, 135, 14),
(292, 179, 140, 14),
(293, 179, 162, 14),
(294, 179, 164, 14),
(295, 179, 165, 14),
(296, 179, 166, 14),
(297, 179, 167, 14),
(298, 179, 168, 14),
(299, 179, 169, 14),
(300, 179, 172, 14),
(301, 179, 171, 14),
(302, 179, 173, 14),
(303, 179, 174, 14),
(304, 179, 175, 14),
(305, 179, 176, 14),
(306, 179, 177, 14),
(307, 179, 178, 14),
(308, 179, 179, 14),
(309, 179, 180, 14),
(310, 179, 181, 14),
(311, 179, 182, 14),
(312, 179, 183, 14),
(313, 179, 206, 14),
(314, 179, 207, 14),
(315, 180, 113, 19),
(316, 180, 112, 19),
(317, 180, 111, 19),
(318, 180, 108, 19),
(319, 180, 105, 19),
(320, 180, 106, 19),
(321, 180, 103, 19),
(322, 180, 104, 19),
(323, 180, 100, 19),
(324, 180, 101, 19),
(325, 180, 102, 19),
(326, 180, 97, 19),
(327, 180, 98, 19),
(328, 180, 95, 19),
(329, 180, 94, 19),
(330, 180, 76, 19),
(331, 180, 107, 19),
(332, 180, 110, 19),
(333, 180, 109, 19),
(334, 180, 99, 19),
(335, 180, 96, 19),
(336, 180, 75, 19),
(337, 180, 74, 19),
(338, 180, 73, 19),
(339, 180, 72, 19),
(340, 180, 71, 19),
(341, 181, 209, 12),
(342, 181, 210, 12),
(345, 183, 213, 12),
(346, 183, 214, 12),
(347, 183, 215, 12),
(348, 183, 216, 12),
(349, 184, 184, 12),
(350, 184, 185, 12),
(351, 184, 186, 12),
(352, 184, 187, 12),
(353, 184, 188, 12),
(354, 184, 189, 12),
(355, 184, 190, 12),
(356, 184, 191, 12),
(358, 184, 193, 12),
(359, 184, 194, 12),
(360, 184, 195, 12),
(361, 184, 196, 12),
(362, 184, 197, 12),
(363, 184, 198, 12),
(364, 184, 199, 12),
(365, 184, 200, 12),
(366, 184, 201, 12),
(367, 184, 202, 12),
(368, 184, 203, 12),
(369, 184, 204, 12),
(370, 184, 205, 12),
(371, 184, 217, 12),
(372, 184, 192, 12),
(373, 185, 93, 12),
(374, 185, 136, 12),
(375, 185, 138, 12),
(376, 185, 139, 12),
(377, 185, 211, 12),
(378, 186, 213, 9),
(379, 186, 214, 9),
(380, 186, 215, 9),
(381, 186, 216, 9),
(382, 186, 219, 9);

-- --------------------------------------------------------

--
-- Table structure for table `teacher_notification`
--

CREATE TABLE `teacher_notification` (
  `teacher_notification_id` int(11) NOT NULL,
  `teacher_class_id` int(11) NOT NULL,
  `notification` varchar(100) NOT NULL,
  `date_of_notification` varchar(100) NOT NULL,
  `link` varchar(100) NOT NULL,
  `student_id` int(11) NOT NULL,
  `assignment_id` int(11) NOT NULL
) ENGINE=InnoDB DEFAULT CHARSET=latin1;

--
-- Dumping data for table `teacher_notification`
--

INSERT INTO `teacher_notification` (`teacher_notification_id`, `teacher_class_id`, `notification`, `date_of_notification`, `link`, `student_id`, `assignment_id`) VALUES
(15, 160, 'Submit Assignment file name <b>my_assginment</b>', '2013-11-25 10:39:52', 'view_submit_assignment.php', 93, 16),
(17, 161, 'Submit Assignment file name <b>q</b>', '2013-11-25 15:54:19', 'view_submit_assignment.php', 71, 17),
(18, 186, 'Submit Assignment file name <b>asdasd</b>', '2020-12-21 10:12:04', 'view_submit_assignment.php', 219, 31);

-- --------------------------------------------------------

--
-- Table structure for table `teacher_shared`
--

CREATE TABLE `teacher_shared` (
  `teacher_shared_id` int(11) NOT NULL,
  `teacher_id` int(11) NOT NULL,
  `shared_teacher_id` int(11) NOT NULL,
  `floc` varchar(100) NOT NULL,
  `fdatein` varchar(100) NOT NULL,
  `fdesc` varchar(100) NOT NULL,
  `fname` varchar(100) NOT NULL
) ENGINE=InnoDB DEFAULT CHARSET=latin1;

--
-- Dumping data for table `teacher_shared`
--

INSERT INTO `teacher_shared` (`teacher_shared_id`, `teacher_id`, `shared_teacher_id`, `floc`, `fdatein`, `fdesc`, `fname`) VALUES
(1, 12, 14, 'admin/uploads/7939_File_449E26DB.jpg', '2014-02-20 09:55:32', 'sas', 'sss');

-- --------------------------------------------------------

--
-- Table structure for table `users`
--

CREATE TABLE `users` (
  `user_id` int(11) NOT NULL,
  `username` varchar(100) NOT NULL,
  `password` varchar(100) NOT NULL,
  `firstname` varchar(100) NOT NULL,
  `lastname` varchar(100) NOT NULL
) ENGINE=InnoDB DEFAULT CHARSET=latin1;

--
-- Dumping data for table `users`
--

INSERT INTO `users` (`user_id`, `username`, `password`, `firstname`, `lastname`) VALUES
(13, 'RA', '4618', 'RAYA', 'MOHAMMED'),
(14, 'RIM', '3661', 'RAHWA', 'G/TINSAY'),
(15, 'admin', 'admin', 'admin', 'admin');

-- --------------------------------------------------------

--
-- Table structure for table `user_log`
--

CREATE TABLE `user_log` (
  `user_log_id` int(11) NOT NULL,
  `username` varchar(25) NOT NULL,
  `login_date` varchar(30) NOT NULL,
  `logout_date` varchar(30) NOT NULL,
  `user_id` int(11) NOT NULL
) ENGINE=InnoDB DEFAULT CHARSET=latin1;

--
-- Dumping data for table `user_log`
--

INSERT INTO `user_log` (`user_log_id`, `username`, `login_date`, `logout_date`, `user_id`) VALUES
(1, 'admin', '2022-11-01 11:57:33', '2022-11-18 10:33:54', 10);

--
-- Indexes for dumped tables
--

--
-- Indexes for table `activity_log`
--
ALTER TABLE `activity_log`
  ADD PRIMARY KEY (`activity_log_id`);

--
-- Indexes for table `answer`
--
ALTER TABLE `answer`
  ADD PRIMARY KEY (`answer_id`);

--
-- Indexes for table `assignment`
--
ALTER TABLE `assignment`
  ADD PRIMARY KEY (`assignment_id`);

--
-- Indexes for table `class`
--
ALTER TABLE `class`
  ADD PRIMARY KEY (`class_id`);

--
-- Indexes for table `class_quiz`
--
ALTER TABLE `class_quiz`
  ADD PRIMARY KEY (`class_quiz_id`);

--
-- Indexes for table `class_subject_overview`
--
ALTER TABLE `class_subject_overview`
  ADD PRIMARY KEY (`class_subject_overview_id`);

--
-- Indexes for table `content`
--
ALTER TABLE `content`
  ADD PRIMARY KEY (`content_id`);

--
-- Indexes for table `department`
--
ALTER TABLE `department`
  ADD PRIMARY KEY (`department_id`);

--
-- Indexes for table `event`
--
ALTER TABLE `event`
  ADD PRIMARY KEY (`event_id`);

--
-- Indexes for table `files`
--
ALTER TABLE `files`
  ADD PRIMARY KEY (`file_id`);

--
-- Indexes for table `message`
--
ALTER TABLE `message`
  ADD PRIMARY KEY (`message_id`);

--
-- Indexes for table `message_sent`
--
ALTER TABLE `message_sent`
  ADD PRIMARY KEY (`message_sent_id`);

--
-- Indexes for table `notification`
--
ALTER TABLE `notification`
  ADD PRIMARY KEY (`notification_id`);

--
-- Indexes for table `notification_read`
--
ALTER TABLE `notification_read`
  ADD PRIMARY KEY (`notification_read_id`);

--
-- Indexes for table `notification_read_teacher`
--
ALTER TABLE `notification_read_teacher`
  ADD PRIMARY KEY (`notification_read_teacher_id`);

--
-- Indexes for table `question_type`
--
ALTER TABLE `question_type`
  ADD PRIMARY KEY (`question_type_id`);

--
-- Indexes for table `quiz`
--
ALTER TABLE `quiz`
  ADD PRIMARY KEY (`quiz_id`);

--
-- Indexes for table `quiz_question`
--
ALTER TABLE `quiz_question`
  ADD PRIMARY KEY (`quiz_question_id`);

--
-- Indexes for table `school_year`
--
ALTER TABLE `school_year`
  ADD PRIMARY KEY (`school_year_id`);

--
-- Indexes for table `student`
--
ALTER TABLE `student`
  ADD PRIMARY KEY (`student_id`);

--
-- Indexes for table `student_assignment`
--
ALTER TABLE `student_assignment`
  ADD PRIMARY KEY (`student_assignment_id`);

--
-- Indexes for table `student_backpack`
--
ALTER TABLE `student_backpack`
  ADD PRIMARY KEY (`file_id`);

--
-- Indexes for table `student_class_quiz`
--
ALTER TABLE `student_class_quiz`
  ADD PRIMARY KEY (`student_class_quiz_id`);

--
-- Indexes for table `subject`
--
ALTER TABLE `subject`
  ADD PRIMARY KEY (`subject_id`);

--
-- Indexes for table `teacher`
--
ALTER TABLE `teacher`
  ADD PRIMARY KEY (`teacher_id`);

--
-- Indexes for table `teacher_backpack`
--
ALTER TABLE `teacher_backpack`
  ADD PRIMARY KEY (`file_id`);

--
-- Indexes for table `teacher_class`
--
ALTER TABLE `teacher_class`
  ADD PRIMARY KEY (`teacher_class_id`);

--
-- Indexes for table `teacher_class_announcements`
--
ALTER TABLE `teacher_class_announcements`
  ADD PRIMARY KEY (`teacher_class_announcements_id`);

--
-- Indexes for table `teacher_class_student`
--
ALTER TABLE `teacher_class_student`
  ADD PRIMARY KEY (`teacher_class_student_id`);

--
-- Indexes for table `teacher_notification`
--
ALTER TABLE `teacher_notification`
  ADD PRIMARY KEY (`teacher_notification_id`);

--
-- Indexes for table `teacher_shared`
--
ALTER TABLE `teacher_shared`
  ADD PRIMARY KEY (`teacher_shared_id`);

--
-- Indexes for table `users`
--
ALTER TABLE `users`
  ADD PRIMARY KEY (`user_id`);

--
-- Indexes for table `user_log`
--
ALTER TABLE `user_log`
  ADD PRIMARY KEY (`user_log_id`);

--
-- AUTO_INCREMENT for dumped tables
--

--
-- AUTO_INCREMENT for table `activity_log`
--
ALTER TABLE `activity_log`
  MODIFY `activity_log_id` int(11) NOT NULL AUTO_INCREMENT, AUTO_INCREMENT=12;

--
-- AUTO_INCREMENT for table `answer`
--
ALTER TABLE `answer`
  MODIFY `answer_id` int(11) NOT NULL AUTO_INCREMENT, AUTO_INCREMENT=93;

--
-- AUTO_INCREMENT for table `assignment`
--
ALTER TABLE `assignment`
  MODIFY `assignment_id` int(11) NOT NULL AUTO_INCREMENT, AUTO_INCREMENT=32;

--
-- AUTO_INCREMENT for table `class`
--
ALTER TABLE `class`
  MODIFY `class_id` int(11) NOT NULL AUTO_INCREMENT, AUTO_INCREMENT=25;

--
-- AUTO_INCREMENT for table `class_quiz`
--
ALTER TABLE `class_quiz`
  MODIFY `class_quiz_id` int(11) NOT NULL AUTO_INCREMENT, AUTO_INCREMENT=18;

--
-- AUTO_INCREMENT for table `class_subject_overview`
--
ALTER TABLE `class_subject_overview`
  MODIFY `class_subject_overview_id` int(11) NOT NULL AUTO_INCREMENT, AUTO_INCREMENT=2;

--
-- AUTO_INCREMENT for table `content`
--
ALTER TABLE `content`
  MODIFY `content_id` int(11) NOT NULL AUTO_INCREMENT, AUTO_INCREMENT=15;

--
-- AUTO_INCREMENT for table `department`
--
ALTER TABLE `department`
  MODIFY `department_id` int(11) NOT NULL AUTO_INCREMENT, AUTO_INCREMENT=11;

--
-- AUTO_INCREMENT for table `event`
--
ALTER TABLE `event`
  MODIFY `event_id` int(11) NOT NULL AUTO_INCREMENT, AUTO_INCREMENT=19;

--
-- AUTO_INCREMENT for table `files`
--
ALTER TABLE `files`
  MODIFY `file_id` int(11) NOT NULL AUTO_INCREMENT, AUTO_INCREMENT=142;

--
-- AUTO_INCREMENT for table `message`
--
ALTER TABLE `message`
  MODIFY `message_id` int(11) NOT NULL AUTO_INCREMENT, AUTO_INCREMENT=30;

--
-- AUTO_INCREMENT for table `message_sent`
--
ALTER TABLE `message_sent`
  MODIFY `message_sent_id` int(11) NOT NULL AUTO_INCREMENT, AUTO_INCREMENT=15;

--
-- AUTO_INCREMENT for table `notification`
--
ALTER TABLE `notification`
  MODIFY `notification_id` int(11) NOT NULL AUTO_INCREMENT, AUTO_INCREMENT=24;

--
-- AUTO_INCREMENT for table `notification_read`
--
ALTER TABLE `notification_read`
  MODIFY `notification_read_id` int(11) NOT NULL AUTO_INCREMENT, AUTO_INCREMENT=6;

--
-- AUTO_INCREMENT for table `notification_read_teacher`
--
ALTER TABLE `notification_read_teacher`
  MODIFY `notification_read_teacher_id` int(11) NOT NULL AUTO_INCREMENT, AUTO_INCREMENT=9;

--
-- AUTO_INCREMENT for table `quiz`
--
ALTER TABLE `quiz`
  MODIFY `quiz_id` int(11) NOT NULL AUTO_INCREMENT, AUTO_INCREMENT=7;

--
-- AUTO_INCREMENT for table `quiz_question`
--
ALTER TABLE `quiz_question`
  MODIFY `quiz_question_id` int(11) NOT NULL AUTO_INCREMENT, AUTO_INCREMENT=39;

--
-- AUTO_INCREMENT for table `school_year`
--
ALTER TABLE `school_year`
  MODIFY `school_year_id` int(11) NOT NULL AUTO_INCREMENT, AUTO_INCREMENT=4;

--
-- AUTO_INCREMENT for table `student`
--
ALTER TABLE `student`
  MODIFY `student_id` int(11) NOT NULL AUTO_INCREMENT, AUTO_INCREMENT=220;

--
-- AUTO_INCREMENT for table `student_assignment`
--
ALTER TABLE `student_assignment`
  MODIFY `student_assignment_id` int(11) NOT NULL AUTO_INCREMENT, AUTO_INCREMENT=2;

--
-- AUTO_INCREMENT for table `student_backpack`
--
ALTER TABLE `student_backpack`
  MODIFY `file_id` int(11) NOT NULL AUTO_INCREMENT, AUTO_INCREMENT=5;

--
-- AUTO_INCREMENT for table `student_class_quiz`
--
ALTER TABLE `student_class_quiz`
  MODIFY `student_class_quiz_id` int(11) NOT NULL AUTO_INCREMENT, AUTO_INCREMENT=4;

--
-- AUTO_INCREMENT for table `subject`
--
ALTER TABLE `subject`
  MODIFY `subject_id` int(11) NOT NULL AUTO_INCREMENT, AUTO_INCREMENT=43;

--
-- AUTO_INCREMENT for table `teacher`
--
ALTER TABLE `teacher`
  MODIFY `teacher_id` int(11) NOT NULL AUTO_INCREMENT, AUTO_INCREMENT=20;

--
-- AUTO_INCREMENT for table `teacher_backpack`
--
ALTER TABLE `teacher_backpack`
  MODIFY `file_id` int(11) NOT NULL AUTO_INCREMENT;

--
-- AUTO_INCREMENT for table `teacher_class`
--
ALTER TABLE `teacher_class`
  MODIFY `teacher_class_id` int(11) NOT NULL AUTO_INCREMENT, AUTO_INCREMENT=187;

--
-- AUTO_INCREMENT for table `teacher_class_announcements`
--
ALTER TABLE `teacher_class_announcements`
  MODIFY `teacher_class_announcements_id` int(11) NOT NULL AUTO_INCREMENT, AUTO_INCREMENT=40;

--
-- AUTO_INCREMENT for table `teacher_class_student`
--
ALTER TABLE `teacher_class_student`
  MODIFY `teacher_class_student_id` int(11) NOT NULL AUTO_INCREMENT, AUTO_INCREMENT=383;

--
-- AUTO_INCREMENT for table `teacher_notification`
--
ALTER TABLE `teacher_notification`
  MODIFY `teacher_notification_id` int(11) NOT NULL AUTO_INCREMENT, AUTO_INCREMENT=19;

--
-- AUTO_INCREMENT for table `teacher_shared`
--
ALTER TABLE `teacher_shared`
  MODIFY `teacher_shared_id` int(11) NOT NULL AUTO_INCREMENT, AUTO_INCREMENT=2;

--
-- AUTO_INCREMENT for table `users`
--
ALTER TABLE `users`
  MODIFY `user_id` int(11) NOT NULL AUTO_INCREMENT, AUTO_INCREMENT=16;

--
-- AUTO_INCREMENT for table `user_log`
--
ALTER TABLE `user_log`
  MODIFY `user_log_id` int(11) NOT NULL AUTO_INCREMENT, AUTO_INCREMENT=86;
COMMIT;

/*!40101 SET CHARACTER_SET_CLIENT=@OLD_CHARACTER_SET_CLIENT */;
/*!40101 SET CHARACTER_SET_RESULTS=@OLD_CHARACTER_SET_RESULTS */;
/*!40101 SET COLLATION_CONNECTION=@OLD_COLLATION_CONNECTION */;
